Acle,Norfolk
Diss,Norfolk
Downham Market,Norfolk
Sprowston,Norfolk
Stalham,Norfolk
Attleborough,Norfolk
Aylsham,Norfolk
Swaffham,Norfolk
Fakenham,Norfolk
Thetford,Norfolk
Thorpe St Andrew,Norfolk
North Walsham,Norfolk
Gorleston-on-Sea,Norfolk
Great Yarmouth,Norfolk
Redenhall with Harleston,Norfolk
Watton,Norfolk
Wells-next-the-Sea,Norfolk
Hingham,Norfolk
Reepham,Norfolk
Holt,Norfolk
Hunstanton,Norfolk
Wymondham,Norfolk
Sheringham,Norfolk
Loddon,Norfolk
Cromer,Norfolk
Dereham,Norfolk
Malton,North Yorkshire
Easingwold,North Yorkshire
Masham,North Yorkshire
Middleham,North Yorkshire
Middlesbrough,North Yorkshire
Tadcaster,North Yorkshire
Bedale,North Yorkshire
Bentham,North Yorkshire
Filey,North Yorkshire
Thirsk,North Yorkshire
Thornaby-on-Tees,North Yorkshire
Northallerton,North Yorkshire
Norton-on-Derwent,North Yorkshire
Grassington,North Yorkshire
Boroughbridge,North Yorkshire
Guisborough,North Yorkshire
Harrogate,North Yorkshire
Pateley Bridge,North Yorkshire
Pickering,North Yorkshire
Haxby,North Yorkshire
Hawes,North Yorkshire
Helmsley,North Yorkshire
Whitby,North Yorkshire
Redcar,North Yorkshire
Richmond,North Yorkshire
Ingleby Barwick,North Yorkshire
Yarm,North Yorkshire
Scarborough,North Yorkshire
Kirkbymoorside,North Yorkshire
Colburn,North Yorkshire
Knaresborough,North Yorkshire
Selby,North Yorkshire
Settle,North Yorkshire
Leyburn,North Yorkshire
Loftus,North Yorkshire
Skelton-in-Cleveland,North Yorkshire
Skipton,North Yorkshire
Desborough,Northamptonshire
Thrapston,Northamptonshire
Towcester,Northamptonshire
Northampton,Northamptonshire
Brackley,Northamptonshire
Oundle,Northamptonshire
Wellingborough,Northamptonshire
Burton Latimer,Northamptonshire
Raunds,Northamptonshire
Higham Ferrers,Northamptonshire
Rothwell,Northamptonshire
Rushden,Northamptonshire
Irthlingborough,Northamptonshire
Kettering,Northamptonshire
Corby,Northamptonshire
Daventry,Northamptonshire
Alnwick,Northumberland
Amble,Northumberland
Ashington,Northumberland
Morpeth,Northumberland
Newbiggin-by-the-Sea,Northumberland
Berwick-upon-Tweed,Northumberland
Blyth,Northumberland
Haltwhistle,Northumberland
West Bedlington,Northumberland
Ponteland,Northumberland
Prudhoe,Northumberland
Hexham,Northumberland
Rothbury,Northumberland
Wooler,Northumberland
Corbridge,Northumberland
Cramlington,Northumberland
Southwell,Nottinghamshire
Mansfield,Nottinghamshire
Stapleford,Nottinghamshire
East Retford,Nottinghamshire
Eastwood,Nottinghamshire
Newark-on-Trent,Nottinghamshire
Bingham,Nottinghamshire
Ollerton and Boughton,Nottinghamshire
Harworth and Bircotes,Nottinghamshire
Bulwell,Nottinghamshire
Worksop,Nottinghamshire
Kimberley,Nottinghamshire
Kirkby-in-Ashfield,Nottinghamshire
Cotgrave,Nottinghamshire
